Fund Name,P1,P2,P3,P4,P5,Topsis Score,Rank
M1,0.69,0.48,4.3,47.1,13.14,0.33815109316541514,7.0
M2,0.67,0.45,3.2,58.4,15.68,0.5522379617292378,4.0
M3,0.85,0.72,5.8,60.0,16.84,0.5913878456108947,3.0
M4,0.77,0.59,4.0,36.3,10.42,0.2696848720588756,8.0
M5,0.95,0.9,5.2,67.9,18.74,0.7739898112995259,2.0
M6,0.89,0.79,4.2,69.7,18.9,0.8440366242637828,1.0
M7,0.9,0.81,6.2,50.0,14.48,0.4482690157672791,5.0
M8,0.72,0.52,3.4,42.2,11.71,0.34031037586148094,6.0
